epoch;acc;loss;val_acc;val_loss
0;0.97464783464617999;0.10280750496218903;0.97368669864677249;0.10473284027760937
