epoch,acc,loss,lr,val_acc,val_loss
0,0.097537878787878785,14.204750031333178,1.0,0.098865327380952384,14.524577708471389
